t,p_x,p_y,p_z
0.0,0.7550869428039864,-0.6511579828272308,0.3
0.04,0.7544504949125571,-0.6500351707947346,0.30943388313690995
0.08,0.753640734678528,-0.648682088745818,0.33301769327528663
0.12,0.7526636222596914,-0.6470848166947195,0.3700728319582508
0.16,0.751571917177921,-0.6452629652696921,0.41478304240369923
0.2,0.7510960000124077,-0.6422091326932561,0.4635805338522309
0.24,0.7527477677951331,-0.6357187299645939,0.5157941019118172
0.28,0.7575522244745921,-0.6243412716004965,0.5707529751121452
0.32,0.7663145154004858,-0.6069410970766189,0.6276788245215384
0.36,0.7794940382939272,-0.5828896343798257,0.6859865862851768
0.4,0.7974091647418792,-0.5517714455081725,0.7451464444482884
0.44,0.8201345702461441,-0.5135020096077627,0.8048377214834045
0.48,0.8476496594258841,-0.4681405197336221,0.8648302298117955
0.52,0.8797786629264488,-0.41598009220526666,0.9250496232626422
0.56,0.9162781547138145,-0.3574135724820344,0.9854867431627239
0.6,0.9567789781603271,-0.2929897825350939,1.0462217748546538
0.64,1.0008764307889582,-0.22332220299953723,1.1073577718246232
0.68,1.0481022998346874,-0.14912058969301364,1.1690169875621235
0.72,1.0979798460617807,-0.07111833622865622,1.2313060577461794
0.76,1.1500011015715192,0.009903686490735131,1.2943125571999003
0.8,1.2036690882325933,0.09318022473222243,1.3580881532664935
0.84,1.2584835433068815,0.17794878678796752,1.4226470255864383
0.88,1.3139673769293725,0.2634964686886445,1.4879646673781821
0.92,1.369672224807338,0.3491435055600444,1.5539816283383938
0.96,1.4251932012403545,0.43428623602739824,1.6206085128428103
1.0,1.4801753635737327,0.5183900372614805,1.687734082709809
1.04,1.5343175840595271,0.6010065868771362,1.7552355630856247
1.08,1.5873672987211533,0.6817567237541352,1.8229859229112475
1.12,1.6391221311707367,0.7603382576864425,1.8908622538835334
1.16,1.689431542994574,0.836516763354218,1.9587528768087465
1.2,1.7382012157719908,0.9101374911304194,2.0265606832067395
1.24,1.7853916626885489,0.9811157466361763,2.094204372800566
1.28,1.8310073415300858,1.0494389943879041,2.161618560335389
1.32,1.8751000191512217,1.115161467182405,2.2287553559203985
1.36,1.9177550187159973,1.178402545169889,2.295582100807032
1.4000000000000001,1.9590879188452115,1.2393283959672905,2.362078306392835
1.44,1.9992418459529235,1.29813426414164,2.4282299528257907
1.48,2.0383737001305935,1.3550453323340068,2.494027504599672
1.52,2.0766595956779472,1.410315281223858,2.5594646492216357
1.56,2.114289475773013,1.4642169310758812,2.6245351037408358
1.6,2.1514532702499394,1.5170424361294486,2.68922820467882
1.6400000000000001,2.188331185332257,1.5690910255724366,2.753528730797812
1.68,2.2250931433431638,1.620663069997328,2.817414372521998
1.72,2.261896392263499,1.67204877024753,2.880858100795782
1.76,2.298898177649329,1.7235267228535152,2.9438289447077275
1.8,2.3362457934016816,1.7753529236797823,3.00629242572413
1.84,2.3740796786455967,1.8277515915263332,3.068210146811244
1.8800000000000001,2.412519173120907,1.8809105718760097,3.129545350199141
1.92,2.451662672533847,1.9349849172453812,3.1902632120658945
1.96,2.491571323303655,1.990094183380135,3.250333034333148
2.0,2.5322807347539737,2.0463231957652126,3.3097294710138434
2.04,2.5737981946762423,2.103732091850413,3.3684308851419655
2.08,2.6161214349062387,2.1623472151765712,3.4264213470759994
2.12,2.6592336143926905,2.2221600886975663,3.483690880295791
2.16,2.703110443792305,2.283138299613055,3.5402320610912783
2.2,2.7477179068273774,2.3452207339469497,3.5960434038610254
2.24,2.7930103006389353,2.40831264969856,3.651128213531284
2.2800000000000002,2.838921820427276,2.4723056535202677,3.7054921428929917
2.32,2.885369915317978,2.537076534449464,3.7591444200227486
2.36,2.932266824109248,2.602497124983432,3.812094382696347
2.4,2.9795218321045667,2.6684300174357323,3.8643533390887512
2.44,3.0270501435036037,2.734725511157498,3.9159314930195857
2.48,3.074761950127141,2.8012398273898516,3.966837448301319
2.52,3.12256538212621,2.867827254452851,4.0170807434878
2.56,3.170363454464545,2.934344733888361,4.066667953781156
2.6,3.2180631006256,3.000653985542401,4.115602230146465
2.64,3.265568069767442,3.0666175666931177,4.163888189488946
2.68,3.3127899839957813,3.1321049831768555,4.211530078285744
2.72,3.359661939498916,3.197028067657385,4.2569963869671374
2.7600000000000002,3.4061218938667275,3.261055866800373,4.299436321924023
2.8000000000000003,3.452105135091455,3.3235533237000645,4.338828380872459
2.84,3.497787525033008,3.3840616601110454,4.375196975408983
2.88,3.543631891945213,3.4421847864242023,4.408607810815722
2.92,3.5899640423884396,3.4976623298883074,4.439135574474343
2.96,3.637079448917039,3.5502891865269137,4.466845294002151
3.0,3.68516061002449,3.599967440241484,4.491825354596405
3.04,3.7343405852061666,3.6466414881273312,4.5141694051546075
3.08,3.7846731032281666,3.6903320152343166,4.53399133407348
3.12,3.836186257392012,3.7310935447417006,4.551412143211172
3.16,3.888851175059692,3.769045050068136,4.566565815912667
3.2,3.94262047015921,3.8043256088410655,4.579588011118698
3.24,3.997403292689814,3.8371028652171972,4.590617735544125
3.2800000000000002,4.053104003057824,3.8675449621092257,4.599788806241702
3.3200000000000003,4.109623356767461,3.8957858997562704,4.607547434593642
3.36,4.166560866515612,3.9216817330666123,4.614163373471458
3.4,4.223143909453749,3.944751693656066,4.619629177694489
3.44,4.27880027431864,3.964692773285382,4.623940468450704
3.48,4.333018179661806,3.981262738380465,4.627070953109026
3.52,4.385445627985005,3.994353395153738,4.629023537490204
3.56,4.435792098505879,4.003897463535593,4.629803623308504
3.6,4.483873879074052,4.0099003328055645,4.62951064151061
3.64,4.529627938625039,4.012220502203636,4.628190017183281
3.68,4.573183827982874,4.010560681212277,4.625828615345413
3.72,4.614667197536442,4.004750595425395,4.622441767002152
3.7600000000000002,4.6542543938954966,3.9946931362547335,4.618064955037926
3.8000000000000003,4.692103235464235,3.9803956138651726,4.6127591002335615
3.84,4.728389891640367,3.9619263108432596,4.606599689120466
3.88,4.7632748336857285,3.9394274154267457,4.599677552113072
3.92,4.796939586671803,3.9130779189962017,4.592091029490203
3.96,4.8295560667409845,3.88309736781935,4.583941045802445
4.0,4.861303144671787,3.8497226590263436,4.575325602444108
4.04,4.892347171366292,3.813214134197919,4.566340578792691
4.08,4.922841894697984,3.773841205730997,4.55707837411014
4.12,4.952917863388996,3.731878890537441,4.547625424710554
4.16,4.982689828998276,3.687596097450986,4.538057689538464
4.2,5.012247068640052,3.6412499731206793,4.528442272504494
4.24,5.0416667319741935,3.5930894584921225,4.5188417109838435
4.28,5.071001644136621,3.543351725161762,4.509311602689971
4.32,5.100283955367291,3.4922615851155103,4.499901432790769
4.36,5.129527900656974,3.4400174565770296,4.490654374953269
4.4,5.1587351413342715,3.38678802320642,4.4816066106570505
4.44,5.187898083842115,3.332722680552771,4.472790629608715
4.48,5.2169927161404805,3.2779460557505216,4.4642354735348775
4.5200000000000005,5.245978280037115,3.2225596344117067,4.455965725684025
4.5600000000000005,5.274816189450566,3.166650642670156,4.448001268855012
4.6000000000000005,5.3034726977734605,3.110297849924281,4.440359739473031
4.64,5.331910622750937,3.0535687204003494,4.433058372008729
4.68,5.360081724471849,2.996519650463478,4.426111325971664
4.72,5.3879365478238395,2.939207010988017,4.41953268756615
4.76,5.415430525947772,2.881687093260603,4.413336213965922
4.8,5.442519940834247,2.8238455284431434,4.4075294757700405
4.84,5.469151770243876,2.7653551725362826,4.402105591059422
4.88,5.495272537469562,2.705998151578307,4.397058293030715
4.92,5.520837311957846,2.6455883298098333,4.39237662237993
4.96,5.545808816945628,2.5840143907053394,4.3880522312581585
5.0,5.57015422874645,2.521187369895367,4.38407655826927
5.04,5.593847463519451,2.4570746808653507,4.380446701595342
5.08,5.616872569153487,2.391666903836231,4.377162797665373
5.12,5.639228094319219,2.3250028483294947,4.3742288336289326
5.16,5.660910235401566,2.2571391801846588,4.371647649395412
5.2,5.681916820059812,2.1881683104704233,4.369424852628141
5.24,5.702249294207665,2.118197106431684,4.367566974014577
5.28,5.721916189708044,2.0473554276232027,4.366081286655586
5.32,5.74093097498361,1.9757722364679506,4.364971693252345
5.36,5.759310227495954,1.9035799688136945,4.364240794896802
5.4,5.777072913408521,1.8309151980870984,4.363890435836025
5.44,5.794239981822084,1.757922913947444,4.3639208376783
5.48,5.810830114890073,1.6847563094316325,4.364331853012287
5.5200000000000005,5.826872598878292,1.6115668187655616,4.365120370790094
5.5600000000000005,5.842402622937329,1.5384889622323608,4.366282042151461
5.6000000000000005,5.85746103208606,1.4656478518948193,4.367810936735765
5.64,5.872084225896998,1.3931518151344744,4.369700800521615
5.68,5.886314532100272,1.3210984089246922,4.3719439686232615
5.72,5.900194325749304,1.2495658534141512,4.374532100060624
5.76,5.913769276025601,1.1786253069001644,4.377455974532208
5.8,5.927071337862152,1.1083510288673526,4.38070327152868
5.84,5.940131660938845,1.0389806747936572,4.384254910449983
5.88,5.952986565820862,0.9709355953800075,4.38807819990262
5.92,5.965666644344277,0.9045105929436146,4.392142726840537
5.96,5.978200066430409,0.8399555247836203,4.396415499595514
6.0,5.990619597301648,0.7774376470906582,4.400869527635606
6.04,6.002956886490114,0.7170820932473676,4.405428892699768
6.08,6.015231762206149,0.6586757701616409,4.410076691123671
6.12,6.027445686438005,0.6016343556873655,4.414856269189391
6.16,6.039601524451487,0.5454905059223496,4.419789544535512
6.2,6.051691435176073,0.4898069494839918,4.424881366811669
6.24,6.063710556132459,0.43424561648230114,4.430127635472343
6.28,6.0756538116331456,0.3785201897910972,4.435517215513427
6.32,6.087511116567493,0.32242801930461784,4.441038325742356
6.36,6.099265587093395,0.2658016089668488,4.446677394577852
6.4,6.110902567358821,0.20852821840009322,4.452422185546989
6.44,6.122404390060753,0.15052631975500252,4.458260580668115
6.48,6.133751474357956,0.09177230227971539,4.464184113259106
6.5200000000000005,6.144923764616159,0.03227835318150818,4.470187884915099
6.5600000000000005,6.155898454817684,-0.027897984897352728,4.476268510219162
6.6000000000000005,6.166646271371684,-0.08870523588498301,4.4828985922558005
6.640000000000001,6.177405391804892,-0.14990989246538353,4.490343204856591
6.68,6.188741064152452,-0.21106416815862572,4.498554866114352
6.72,6.201047587372147,-0.27181048299236116,4.507474817515738
6.76,6.21466138311918,-0.3318285090258366,4.517029665228446
6.8,6.22979381881192,-0.3908711285292264,4.5271495035593325
6.84,6.246610198214254,-0.4487232534429156,4.537764664776434
6.88,6.265195151917805,-0.505231960216973,4.548816291331626
6.92,6.285590600984783,-0.5602722324531605,4.560250997410624
6.96,6.3077654557843275,-0.6137685187144521,4.572028171609084
7.0,6.331665315694741,-0.6656816998889159,4.584113517336277
7.04,6.357187944087848,-0.7160023179877161,4.5964816624451785
7.08,6.384222625521307,-0.7647375442623471,4.609110584593193
7.12,6.4126294878361,-0.8119133839449348,4.621983097392494
7.16,6.442258270161255,-0.8575715781918702,4.63508559008422
7.2,6.47293776429995,-0.901788628296059,4.648240309729453
7.24,6.504685621871892,-0.9440697736536675,4.6612698898122575
7.28,6.537753566438681,-0.9832307214357077,4.6739453708876795
7.32,6.572276676748539,-1.018478213969191,4.686078534921964
7.36,6.608344971532196,-1.0491599589275957,4.697462014997249
7.4,6.6459658678672655,-1.0748971321514982,4.70796751942133
7.44,6.685122454479238,-1.0954131784369505,4.717489470722574
7.48,6.725742400532332,-1.110626471464194,4.725995408373167
7.5200000000000005,6.767731635667091,-1.1205260753889477,4.733479555170898
7.5600000000000005,6.810967268805822,-1.125239706283395,4.739988464839795
7.6000000000000005,6.855323364077891,-1.1249540690631301,4.7455880085283795
7.640000000000001,6.900657674631729,-1.119951400068968,4.75037207134631
7.68,6.9468336613574415,-1.1105453239738592,4.754439653227997
7.72,6.993707774440138,-1.0971090242596233,4.757900554340862
7.76,7.041138308726425,-1.0800319148973796,4.76086100144253
7.8,7.0889806739134205,-1.0597344012862049,4.763421248694035
7.84,7.137103691876942,-1.036628921243362,4.765669700426814
7.88,7.185390971744815,-1.0111286194172633,4.7676862076617175
7.92,7.233742693885442,-0.9836228708390964,4.769534043896117
7.96,7.282070926042352,-0.954477966582004,4.7712628133500035
8.0,7.330298150955637,-0.9240256882895385,4.772913040249258
8.040000000000001,7.378353748148524,-0.8925699306562659,4.774518159038135
8.08,7.426184162355462,-0.8603772360490818,4.776102214958365
8.120000000000001,7.473748890313567,-0.8276741263335529,4.777683602203384
8.16,7.521022848650577,-0.7946401086076917,4.779277805767583
8.2,7.56799331989908,-0.761416396739516,4.780895924176835
8.24,7.614653716950456,-0.7281102818378007,4.782512504749016
8.28,7.660991142724068,-0.6945259428156225,4.784111316353671
8.32,7.706974015364237,-0.6601038783648598,4.785674843219526
8.36,7.752594852468611,-0.6244389795597988,4.787185122319723
8.4,7.797853884283236,-0.5871576155146105,4.788613548444647
8.44,7.842760651723125,-0.5480024720947855,4.789938830722518
8.48,7.887339488379218,-0.5067583059041517,4.791139224170426
8.52,7.93162832772939,-0.46330884088897856,4.792204847730613
8.56,7.975668661072117,-0.4175770161132124,4.793131299603492
8.6,8.019501671089902,-0.36955430073674145,4.793925418481129
8.64,8.06316362438049,-0.31925063664219777,4.794594819641807
8.68,8.10668707684999,-0.2667131534819023,4.795152594147797
8.72,8.150098058905282,-0.21200583422018324,4.7956152366616545
8.76,8.19340859231833,-0.15522768425365033,4.796004589780004
8.8,8.236623201243388,-0.09649262661724554,4.796344572672233
8.84,8.279738359090693,-0.035937947063358865,4.79666078789417
8.88,8.322747259057113,0.026289129147078205,4.796976712698603
8.92,8.365640129944381,0.09003807796670532,4.7973582515141
8.96,8.40847889022439,0.1547589530848272,4.797882049578264
9.0,8.451419598072993,0.2194091154509574,4.798590342032636
9.040000000000001,8.494560575425655,0.2832013845478706,4.7994850414090795
9.08,8.537985543602316,0.3454281579035901,4.80052311281013
9.120000000000001,8.581741661801766,0.4055926143511236,4.801660360919294
9.16,8.625848449823666,0.46328146904960493,4.802843342087513
9.200000000000001,8.670375778544603,0.5178734726700128,4.80396599789337
9.24,8.715485963818912,0.5683770752403076,4.804796123034843
9.28,8.761270868084775,0.6141688740429608,4.805165820075019
9.32,8.807797420218366,0.6547691217931466,4.8049122340772215
9.36,8.855076551073218,0.6899542441919366,4.803956426936705
9.4,8.903097084076249,0.7195997573242018,4.802249508984087
9.44,8.951817901050884,0.7437652823476999,4.799811345988709
9.48,9.001189813929724,0.7625758854615594,4.796686979349763
9.52,9.051135069737693,0.7762871178939299,4.792964107497864
9.56,9.1015882965255,0.7852078954310404,4.788744005287991
9.6,9.152469731659629,0.7897309401700472,4.784145139172231
9.64,9.203700424276454,0.7902634336935591,4.779281924312306
9.68,9.255188010265437,0.7872582053249345,4.774266548495774
9.72,9.306848697519507,0.7811682650622187,4.769199042880625
9.76,9.3585923991146,0.7724604956052595,4.764165720396086
9.8,9.4103367275956,0.7615704112130286,4.759236614004928
9.84,9.46200429174335,0.7489186257122397,4.754468963724823
9.88,9.513530299364554,0.7348965933072357,4.749906582810517
9.92,9.564861215254595,0.7198604130273889,4.745582647827389
9.96,9.615952400061738,0.7041162481900456,4.74152139590032
10.0,9.666761129128481,0.6879357845173086,4.737689759734291
10.040000000000001,9.717237210734687,0.6712721027099641,4.734063236339464
10.08,9.767316884715521,0.6537044584880883,4.730624582594958
10.120000000000001,9.81695470446619,0.6349426025583844,4.727360986921671
10.16,9.866113185461536,0.6147130612769431,4.724254215492901
10.200000000000001,9.91476654516109,0.5928355832378495,4.721291805589462
10.24,9.962895371252586,0.5691476655519343,4.718459901409081
10.28,10.010496450595392,0.5435604473461754,4.715753154316512
10.32,10.057574436281186,0.5160015073500767,4.713166883789499
10.36,10.104134096922797,0.4864449593162236,4.710702009364226
10.4,10.15017447811316,0.45487016465770375,4.7083580452428535
10.44,10.195697304981076,0.42129059942991953,4.706138276789634
10.48,10.240706088980248,0.3857197863128279,4.704047342492519
10.52,10.285204532910482,0.34819098809770294,4.702092773092441
10.56,10.329193785719095,0.3087441293914785,4.700282440488874
10.6,10.372678604416906,0.26744070032368356,4.698625269757809
10.64,10.415668834887402,0.22434930159168137,4.697129580783899
10.68,10.458174928673529,0.17954679979266788,4.69580547683086
10.72,10.500197366828388,0.1331099838114908,4.694662601529102
10.76,10.541732471033725,0.08513273868139613,4.6937112651815
10.8,10.582783619574398,0.03571701389570313,4.692961316701923
10.84,10.623359886507487,-0.015029812710306461,4.6924241700867215
10.88,10.663465447293497,-0.06700527050093219,4.692167525797424
10.92,10.703168457986527,-0.11973193579514294,4.692257638500185
10.96,10.742622414946721,-0.17227816290877546,4.692716323633183
11.0,10.781946866987989,-0.22396009546634124,4.693531488237172
11.040000000000001,10.821397308847427,-0.2738763697088818,4.694621033233747
11.08,10.86137813364346,-0.3209407027074349,4.69582100226145
11.120000000000001,10.902177869245406,-0.36435560857550847,4.6969564562990485
11.16,10.944022701251578,-0.4035339397497926,4.6978592682837315
11.200000000000001,10.987052372684863,-0.4380984289947368,4.698406122397472
11.24,11.031359581325116,-0.4678383303815079,4.698513695846022
11.28,11.07697597047422,-0.49269633558390763,4.698148589885936
11.32,11.123902303507954,-0.5127294398631511,4.697316360547125
11.36,11.172091590492473,-0.5280992007061693,4.696059930780812
11.4,11.221474688806746,-0.5390377298997806,4.694445470259408
11.44,11.271954130396884,-0.5458402970818682,4.6925550287230715
11.48,11.323410280673452,-0.5488470029887348,4.69047745963368
11.52,11.375702973247039,-0.5484394732782485,4.68830532239597
11.56,11.428681784525542,-0.545016901636005,4.686123196369481
11.6,11.482184910015212,-0.5389893661141862,4.6840064874392215
11.64,11.536053770892982,-0.5307688033956077,4.682021944653786
11.68,11.59013626945242,-0.5207540461870336,4.680221894442164
11.72,11.644281481291182,-0.5093243071544543,4.678592978535056
11.76,11.698321128917154,-0.4965597988068162,4.677112919122828
11.8,11.75207742285037,-0.4821734988316136,4.675755129826015
11.84,11.805401048301592,-0.46602564759191734,4.674506987501804
11.88,11.858154192276764,-0.4479913855023194,4.6733539296968125
11.92,11.9102238036548,-0.4280412982656079,4.672291356405123
11.96,11.961511662022358,-0.4061521208220142,4.671315269681032
12.0,12.011939571231741,-0.38236311442324694,4.6704306630515156
12.040000000000001,12.061449759266022,-0.3567126247696764,4.6696425798419705
12.08,12.11001249538035,-0.3292771616496584,4.668961705951589
12.120000000000001,12.157615122527405,-0.3001298136591165,4.668398558206295
12.16,12.204265682428714,-0.2693718660731456,4.667965796098056
12.200000000000001,12.249986774863897,-0.2370954423285417,4.667676111494837
12.24,12.29482426024369,-0.20340276675097174,4.667544261468334
12.280000000000001,12.338833577705485,-0.16838351637132792,4.667581820819246
12.32,12.382079147811524,-0.13213131523943908,4.667799902494868
12.36,12.424627570513337,-0.09472563658967366,4.668207204387982
12.4,12.466541079792627,-0.05624137785959289,4.668810805927944
12.44,12.50787775796974,-0.016737149351676885,4.669616615100626
12.48,12.548696801243196,0.02373238634026083,4.6706290447885035
12.52,12.589053901656504,0.06512180193597865,4.671908822466044
12.56,12.629056965081425,0.10702959557140816,4.673508608843577
12.6,12.668881989853329,0.14862286076470993,4.675433958863677
12.64,12.708667182674429,0.1893030467515229,4.677667588623182
12.68,12.748534497684457,0.2285548842159161,4.680168012034798
12.72,12.788572947013602,0.2660366897120194,4.68289844808266
12.76,12.828853404574454,0.3012935764879395,4.685795370869616
12.8,12.869412702178272,0.3337804338343684,4.688771661767349
12.84,12.910267752916813,0.3631312147477795,4.6917560091698505
12.88,12.951420121508622,0.3891097494976586,4.6946909980729945
12.92,12.992861842760316,0.4116137286409426,4.697542681410513
12.96,13.034563959119563,0.43065206380481813,4.700303429712814
13.0,13.076488617457203,0.4463320039342721,4.7029880040271115
13.040000000000001,13.1185876783249,0.4588175828580961,4.705622263380514
13.08,13.160813720983315,0.4683309687961162,4.7082418919897435
13.120000000000001,13.203115320637263,0.4751331100756944,4.710886080240967
13.16,13.245440870718555,0.47951069622079545,4.713593456389902
13.200000000000001,13.287733224145173,0.4817616948242642,4.716400587034163
13.24,13.329924372950998,0.4821985624654601,4.719340334544827
13.280000000000001,13.371943114028303,0.481124778848106,4.7224371066688615
13.32,13.413720654044194,0.47883543030839565,4.725710327285494
13.36,13.455191737575047,0.4756098677115708,4.729173896397954
13.4,13.496289963461084,0.4717038731157518,4.732836258568112
13.44,13.5369517009963,0.4673456927041816,4.7367011058343165
13.48,13.577106464412047,0.4627460546022502,4.7407675477690425
13.52,13.616687290103906,0.45808785842664784,4.745030367787514
13.56,13.65564786828891,0.4535289912596816,4.749435411084207
13.6,13.693939405841503,0.4489295425143668,4.753948679779969
13.64,13.731512265990135,0.4437859216263067,4.758554600275756
13.68,13.768340827536852,0.4377252333704846,4.7632354382066655
13.72,13.804411619956898,0.4304057640069671,4.767964831819022
13.76,13.839723578029066,0.4215893414546242,4.772721715202342
13.8,13.87428618313682,0.4110624008987871,4.77748223268027
13.84,13.90812477590999,0.39868943994619227,4.782229367988982
13.88,13.941276495767449,0.384350554754847,4.786947060951014
13.92,13.973788486581816,0.36798976910561704,4.791627447917916
13.96,14.005710891689803,0.3495740376463328,4.7962659173384825
14.0,14.037093980757886,0.3291202825569565,4.800864269875683
14.040000000000001,14.067984949874042,0.30666119312338824,4.805426044473295
14.08,14.098431463225024,0.28226545043864504,4.80995880896638
14.120000000000001,14.128480091452353,0.25601580497600285,4.814471651656219
14.16,14.15817987548656,0.22801596703567756,4.818975928700689
14.200000000000001,14.187566645186804,0.19837237770215937,4.823482556553673
14.24,14.21666017659238,0.16720621806526084,4.82800473176859
14.280000000000001,14.245471559157231,0.1346481954400751,4.832554136321656
14.32,14.274008119511267,0.10083486750986285,4.837140321309834
14.36,14.302278756876916,0.06588939889789888,4.8417699037709205
14.4,14.330292583230111,0.029926338871134855,4.846449191575437
14.44,14.35806200795505,-0.006947857300613818,4.851182490356913
14.48,14.385616550450454,-0.04449120007265714,4.853543651396381
14.52,14.41305280565632,-0.08267425437918723,4.852193794663251
14.56,14.440550048284232,-0.12172674587153991,4.847304698696109
14.6,14.468234813811758,-0.16179548304200383,4.839049241103347
14.64,14.496219225879168,-0.2030085857548639,4.827593598658726
14.68,14.524573877847482,-0.24543184232651916,4.8131069605513845
14.72,14.553350645052824,-0.2891156016394781,4.795756039709045
14.76,14.58256484672261,-0.3340691149081885,4.775709093681272
14.8,14.612220648730204,-0.38029118506102505,4.75313134011773
14.84,14.642298909644996,-0.42774942430302115,4.728187040442858
14.88,14.672764732240397,-0.47640695443391695,4.701038770527695
14.92,14.703563298869556,-0.5262012549897582,4.671848337431143
14.96,14.734629696267513,-0.5770644905689585,4.640771865702546
15.0,14.765895539492181,-0.6289143402732453,4.607959835013499
15.040000000000001,14.797293399406408,-0.681669810672873,4.573557077359942
15.08,14.828758168710033,-0.7352398574512933,4.537703339349722
15.120000000000001,14.860229701787972,-0.789539575020667,4.500532736636973
15.16,14.891648549601065,-0.8444799114854905,4.462173660629116
15.200000000000001,14.922957616813578,-0.8999847975017523,4.422748122800286
15.24,14.95410072153734,-0.9559825513203296,4.382373313588978
15.280000000000001,14.985025414421115,-1.0124085828423428,4.341161208042094
15.32,15.015685434554912,-1.0692045554818548,4.2992187544294564
15.36,15.046047880701702,-1.126320393745859,4.256648553037943
15.4,15.076092811989485,-1.1837100242047611,4.213547964664447
15.44,15.10579993770399,-1.2413354294749575,4.170008420317624
15.48,15.13515873952094,-1.2991616672482285,4.126117046894728
15.52,15.164172648584184,-1.357164429232444,4.081956436289292
15.56,15.192858829656661,-1.4153209596050695,4.0376053859913315
15.6,15.221235936766744,-1.4736040146088893,3.993139003363036
15.64,15.249329637586193,-1.5319815120545743,3.9486277694934437
15.68,15.277175502029023,-1.5904191600182638,3.9041381503812556
15.72,15.304808248047715,-1.6488796561737409,3.859733197480314
15.76,15.332259398043158,-1.707329358780951,3.81547187166631
15.8,15.359553738299317,-1.7657261982292458,3.7714095401831846
15.84,15.386714339431165,-1.8240242266738123,3.7275961169197505
15.88,15.413773307463304,-1.8821770771167265,3.6840777856166538
15.92,15.440760529128651,-1.9401552718916018,3.6409004587311213
15.96,15.467703533077481,-1.9979302038172364,3.5981049523422994
16.0,15.494610588044045,-2.0554645634271385,3.5557291391422607
16.04,15.521486579873487,-2.1127155798911557,3.5138083274058327
16.080000000000002,15.548332615665974,-2.169647044294846,3.4723738402385353
16.12,15.57515781377568,-2.2262299553125926,3.4314527261950025
16.16,15.601959567292948,-2.2824356677250037,3.391069702618288
16.2,15.62871917276993,-2.3382459437983267,3.3512494641212163
16.240000000000002,15.655413421266962,-2.3936393691119315,3.3120143700331695
16.28,15.682023288874102,-2.448589861531662,3.2733827407855647
16.32,15.70853062590122,-2.5030798841857864,3.235371367654376
16.36,15.734927026105732,-2.5570988161916413,3.1979951489018372
16.4,15.761207315269614,-2.6106361341226285,3.161266320177801
16.44,15.787363668894974,-2.663673655815897,3.1251950991866315
16.48,15.813384540016333,-2.716192473513779,3.0897912061831567
16.52,15.839254194864449,-2.7681732693150387,3.055062284240516
16.56,15.86494767118932,-2.8196005470108023,3.0210136549991953
16.6,15.890442842080153,-2.8704599199017182,2.9876494362025015
16.64,15.91571364791982,-2.920729302525546,2.9549722351231202
16.68,15.940731146099932,-2.970389511800194,2.9229830718610033
16.72,15.965472022563947,-3.0194250754137286,2.891680688711747
16.76,15.989919180694828,-3.0678213855920005,2.861063397092656
16.8,16.01405006701726,-3.1155325293800313,2.8319379480811895
16.84,16.037915340379765,-3.1623085725251974,2.804736807318116
16.88,16.06164899212421,-3.207652884020156,2.779359663095927
16.92,16.085342509959386,-3.2512225134246124,2.75570831841349
16.96,16.1090701239715,-3.2927319822870236,2.7336690376372297
17.0,16.133238813796467,-3.332009703715329,2.713138797358053
17.04,16.158688001738895,-3.3689295368943255,2.693985557776823
17.080000000000002,16.185997204663607,-3.4034444018956784,2.6760868841731904
17.12,16.21564762531597,-3.4355348717845597,2.6593113702465847
17.16,16.247928053718443,-3.465236447533152,2.643562112063554
17.2,16.283048762348816,-3.492616479647289,2.628753187747328
17.240000000000002,16.32106988658127,-3.5177827059546387,2.6148299780980504
17.28,16.36199299767774,-3.540860407372469,2.6017505941122927
17.32,16.40572035786711,-3.562003044976524,2.589496405991759
17.36,16.45211421442016,-3.581372156837713,2.578057580420052
17.400000000000002,16.500969900691498,-3.5991439107127112,2.5674324744534545
17.44,16.552067518434903,-3.6154941805895624,2.5576212612334612
17.48,16.605151654247138,-3.63060111008321,2.548625883673892
17.52,16.659954179486743,-3.6446383775891587,2.540456569758366
17.56,16.71611822572704,-3.6577622705156845,2.533119887649993
17.6,16.773212410173368,-3.670103500783034,2.526615065592489
17.64,16.830873197537947,-3.6817633039710023,2.5215936604698075
17.68,16.88832484319318,-3.6917548094225396,2.518310807115393
17.72,16.944313816375733,-3.69781691756526,2.516223689910862
17.76,16.99790880372814,-3.69844612363159,2.5147704855833277
17.8,17.04834731761536,-3.6924477358087726,2.51325982435785
17.84,17.095116271893524,-3.6791373106100806,2.5111961394059734
17.88,17.137826020254455,-3.6580364927167124,2.508133097759124
17.92,17.176257802205193,-3.62900573660773,2.5038424097221585
17.96,17.21029290980203,-3.5920415416613842,2.498191952680997
18.0,17.23994572643223,-3.547371930851358,2.4912189911162628
18.04,17.265303442537757,-3.4953228117810067,2.4830367745470965
18.080000000000002,17.28656088543397,-3.4363878977283893,2.4738620778290867
18.12,17.303974104179964,-3.3711205687532555,2.4639417039255433
18.16,17.317866006880347,-3.3001739398254064,2.453554203839824
18.2,17.32859564902434,-3.224221643894506,2.44296613438021
18.240000000000002,17.336567854371097,-3.143983643690958,2.432428771317312
18.28,17.342204717033074,-3.06017807445434,2.422158987738296
18.32,17.345939616571293,-2.9735221658928643,2.4123342842998534
18.36,17.348191172166775,-2.8846952335834097,2.4030881732221414
18.400000000000002,17.349369070595646,-2.7943529898168187,2.394514416141921
18.44,17.349859615721158,-2.703088851133267,2.3866705268076998
18.48,17.350019202317394,-2.611449540980213,2.3795819246217165
18.52,17.350162234480024,-2.5199084525710043,2.3732488051285414
18.56,17.350572050216357,-2.42886854346151,2.3676546945452106
18.6,17.351492277930824,-2.3386538713852723,2.3627739340345113
18.64,17.35313014309825,-2.2495271262179495,2.3585753617656686
18.68,17.355650119106215,-2.161680501906182,2.355027988070991
18.72,17.35916966909298,-2.075237270458843,2.3521039539910045
18.76,17.363759884901558,-1.9902510768911965,2.3497832765564146
18.8,17.36944953445363,-1.9067228585415261,2.3480522690379337
18.84,17.376222072760697,-1.824608210523525,2.3469053123777392
18.88,17.384026575070443,-1.7438314485086084,2.346341381826204
18.92,17.392782802627405,-1.6642892438885013,2.346360691639359
18.96,17.402379524779615,-1.5858521642245507,2.3469649624229794
19.0,17.41267575351743,-1.5083642020452288,2.3481576100039874
19.04,17.423515513831063,-1.4316474228457117,2.3499412690791615
19.080000000000002,17.434732980767542,-1.3555137104457902,2.3523161693107375
19.12,17.44615862125499,-1.279778970466091,2.3552785399832272
19.16,17.457620657400227,-1.2042649379335668,2.358821511857773
19.2,17.468948516352675,-1.1287962302357948,2.3629321296767323
19.240000000000002,17.47997581729346,-1.0532112699260485,2.367594323838057
19.28,17.490546276181988,-0.9773754819962711,2.372793068808323
19.32,17.500519413806852,-0.9011703926778797,2.3785114722591105
19.36,17.509764678999932,-0.8244908939660675,2.38472893198114
19.400000000000002,17.51817210885068,-0.7472535679215145,2.391424028344441
19.44,17.525654096910102,-0.6693999010091959,2.39857734547319
19.48,17.53213980791135,-0.5908988250705355,2.406170889429206
19.52,17.537573060023075,-0.5117390996998579,2.4141887766289885
19.56,17.541922641686355,-0.43193183665002705,2.4226180145718152
19.6,17.54518200756489,-0.3515092378180307,2.431447581996014
19.64,17.547362320444282,-0.27052426611280117,2.440668633922443
19.68,17.548490278420093,-0.18903777555009138,2.4502735695845046
19.72,17.548607764192404,-0.10711950292093796,2.4602553649489813
19.76,17.54776788456636,-0.024849919249835997,2.4706063040531916
19.8,17.546030324078714,0.057673826801860194,2.4813207034722
19.84,17.543457397364225,0.14034354559941367,2.4923923621419335
19.88,17.540106747692374,0.22304885833576577,2.503813305288521
19.92,17.53603387555265,0.30567252253965754,2.5155749593040833
19.96,17.531296088797795,0.38809173787701073,2.5276669697417793
20.0,17.525959757474947,0.47018396958188763,2.5400773945202295
20.04,17.52008841056887,0.5518271693911551,2.552795199313747
20.080000000000002,17.51374223035317,0.6329024727685012,2.5658085720389994
20.12,17.506979657867063,0.7132975501955606,2.5791037334345033
20.16,17.499868557034485,0.7929080511780795,2.592664861582783
20.2,17.492479964565856,0.8716324064936684,2.606475328663241
20.240000000000002,17.484885592842023,0.9493738193045926,2.6205193388939425
20.28,17.477156139049015,1.0260409836477664,2.634782658440447
20.32,17.469360437080994,1.1015637548136519,2.649251023271955
20.36,17.46156010897235,1.1758936639639672,2.663909784862061
20.400000000000002,17.45381212903749,1.2489997026722002,2.678743784020795
20.44,17.446171529659097,1.320860602900219,2.6937383136767488
20.48,17.438681837628764,1.3914625508568446,2.7088791061401643
20.52,17.431371348448256,1.4608100602185912,2.724153239111564
20.56,17.424264646775182,1.5289171396597936,2.739547131269798
20.6,17.417378768033437,1.5958028253866396,2.755048660462256
20.64,17.410714390976672,1.6614953876526597,2.7706473125552167
20.68,17.404271576034194,1.7260279032840566,2.7863326935543484
20.72,17.398049519057146,1.7894376830170522,2.802094353822823
20.76,17.392043331830152,1.851769974825868,2.8179206994188584
20.8,17.386238778764348,1.913066730049046,2.833800911852838
20.84,17.380619241768724,1.9733680402508325,2.849725014754605
20.88,17.37516751542034,2.0327176406999397,2.8656846679874945
20.92,17.36986090113731,2.091161939625906,2.8816718945102724
20.96,17.364675302260192,2.1487465503031054,2.8976782062628477
21.0,17.359585686848373,2.205512863653676,2.9136948677336383
21.04,17.354572467130055,2.2614897451646963,2.9297127621713543
21.080000000000002,17.349619855407816,2.316687100824417,2.9457238154838916
21.12,17.344718632179212,2.3711042350278415,2.9617184247415667
21.16,17.3398599679958,2.4247355964117516,2.9776858229825334
21.2,17.33503307072314,2.477577812760874,2.993616603984216
21.240000000000002,17.33022976129438,2.5296306994298225,3.0095026973318997
21.28,17.325442315999705,2.5808951322968134,3.025334827431746
21.32,17.32065858043815,2.631367603240007,3.0411043133002518
21.36,17.315868956735965,2.6810380591903904,3.0568030096133385
21.400000000000002,17.311063962260842,2.7298985264069713,3.072421998000716
21.44,17.306237403493466,2.777939578532949,3.0879517455396783
21.48,17.30139074896015,2.8251529546920575,3.1033835112570682
21.52,17.29652559140504,2.8715383393042075,3.1187104824920313
21.56,17.29164737224521,2.9171056784846496,3.1339273580629525
21.6,17.286761260328706,2.9618712882641165,3.149028713380754
21.64,17.281866071338605,3.005844550519858,3.164009689411771
21.68,17.276961119473295,3.0490249342313724,3.1788667261106234
21.72,17.27205111695224,3.0914098793381473,3.193594743675949
21.76,17.267150652418827,3.1329974842213213,3.2081878565059325
21.8,17.26227459285798,3.1737851646298236,3.222640521154496
21.84,17.257443600025855,3.2137716581290707,3.236946798610431
21.88,17.252679414768796,3.2529553367854342,3.2511033766591377
21.92,17.247997182267312,3.2913329225727628,3.265106972330201
21.96,17.24340778199507,3.3289089097645217,3.2789540644077175
22.0,17.238912416515035,3.36568602148439,3.2926426769733266
22.04,17.23451643115975,3.401657990443028,3.306168984912837
22.080000000000002,17.230231248953977,3.4368213286261113,3.3195287773549973
22.12,17.226062192571433,3.471181014080869,3.3327208155773684
22.16,17.221647303067574,3.504576059240311,3.3457293087087074
22.2,17.216187474034914,3.536646580785382,3.3584895636391106
22.240000000000002,17.209132269557113,3.567149743503279,3.370934779856552
22.28,17.199650849228796,3.5958844637192904,3.382920639897438
22.32,17.186651807768754,3.6227471799677518,3.3942186752038355
22.36,17.169356416118507,3.6476795337789736,3.4046202431552772
22.400000000000002,17.147205615783307,3.6706844820993316,3.4139488929232487
22.44,17.11986539589156,3.69178354547162,3.4220912218320145
22.48,17.08716847906686,3.71103577154927,3.4289894715532365
22.52,17.04912246515934,3.7285044362088717,3.4346497806974123
22.56,17.005848771318234,3.744275942178821,3.439122785102734
22.6,16.95758289734129,3.7584420301585078,3.442498848776568
22.64,16.90463857444273,3.771108603293677,3.444892645239386
22.68,16.847400592052153,3.782385257768317,3.4464350004096764
22.72,16.786296551319207,3.792385247395836,3.4472584519932115
22.76,16.721794959291454,3.801223017740173,3.447494387835402
22.8,16.654368764154874,3.8090238219095864,3.4472625574312006
22.84,16.58449286041392,3.8159065726591708,3.446669664348644
22.88,16.512455196486435,3.8219272826393267,3.4470772437627777
22.92,16.438989258015045,3.8264808514585558,3.4492424901516685
22.96,16.365345976288033,3.8282443672851145,3.452615814764881
23.0,16.292605230103323,3.82651555391668,3.4567986270996287
23.04,16.221859455181786,3.82095085595163,3.4615722775199727
23.080000000000002,16.153895274416183,3.811417654098974,3.4667535297780994
23.12,16.089354450036325,3.7978647885042975,3.472156303277237
23.16,16.02864328533871,3.7803693216625747,3.4776609143682005
23.2,15.972043809913071,3.7590552000006827,3.483175352618758
23.240000000000002,15.91965728385813,3.734129308151458,3.48867010224434
23.28,15.871485295411448,3.7058279941526666,3.494148387967878
23.32,15.82739449724026,3.6744484721379655,3.4996582574381834
23.36,15.787189456532012,3.6403019858413663,3.5052617054224418
23.400000000000002,15.750573858125897,3.603726646853208,3.5110414979290825
23.44,15.71720411280873,3.565059026722552,3.5170816851963895
23.48,15.686675982514299,3.524633408963941,3.523464578386207
23.52,15.658559604218604,3.4827586587763784,3.530259905122709
23.56,15.63238841310047,3.4397267511436804,3.5375241738207985
23.6,15.607698840204305,3.395805518467153,3.545296366783534
23.64,15.584035629767758,3.351242009186352,3.553596240305535
23.68,15.560971675378529,3.3062535631236645,3.562428301277898
23.72,15.538097645868483,3.261031765963535,3.571783413820223
23.76,15.515043298609287,3.215733053959976,3.58164145852941
23.8,15.491480167204804,3.1704918329383407,3.5919734469803672
23.84,15.467135169365568,3.125417082579675,3.6027487066204484
23.88,15.441794425370437,3.080598031696963,3.6139359741561368
23.92,15.415306765410124,3.036090786177058,3.625505009607763
23.96,15.387571135610571,2.991921452664116,3.6374295479375087
24.0,15.358532027650753,2.9480961378413673,3.6496880020137006
24.04,15.32817434681712,2.9046055991962665,3.6622625156703816
24.080000000000002,15.296534837822861,2.861423914247017,3.675141074041688
24.12,15.26369099783791,2.8185144265844553,3.688315569133459
24.16,15.229755355290559,2.7758323406262817,3.7017807840433057
24.2,15.194870135062748,2.733336273166527,3.715533208301661
24.240000000000002,15.15920400475851,2.6909797543841925,3.729570957303418
24.28,15.122933611033126,2.64871942346996,3.7438903239551693
24.32,15.086245362369691,2.6065138163306063,3.758486253919591
24.36,15.049346323060053,2.564319076975797,3.7733522957155654
24.400000000000002,15.012452104520564,2.5220929617668855,3.788478762340786
24.44,14.975777924048863,2.479802619715563,3.8038527780758633
24.48,14.939536225161842,2.4374270461732106,3.8194584443381885
24.52,14.903924815296815,2.394958990998379,3.8352801194485475
24.560000000000002,14.869130030835057,2.352408274931598,3.851300219735343
24.6,14.835329256321344,2.309785321580756,3.8674975652805537
24.64,14.802671007238738,2.267090819870106,3.883851151230743
24.68,14.77127735782582,2.2243235247010578,3.9003405228152785
24.72,14.74124195107354,2.181481971712372,3.916946946960728
24.76,14.71263342694807,2.1385782077371966,3.9336543589710096
24.8,14.685498320415483,2.095632102081869,3.950448222406119
24.84,14.65987127869129,2.052680613318346,3.9673143267001874
24.88,14.635771196962857,2.0097621293106656,3.984240556801281
24.92,14.613194218001727,1.966913522569074,4.001215448138341
24.96,14.59211157793816,1.9241708483269544,4.01823081368471
25.0,14.572477986060168,1.8815702584296339,4.035279636101646
25.04,14.554231641767693,1.8391449407326843,4.052355860422799
25.080000000000002,14.537302884273686,1.796929498167196,4.069454137232651
25.12,14.521620384599073,1.7547961437237194,4.086570432478936
25.16,14.50710893127854,1.7124244010366825,4.103694845366663
25.2,14.493682419077855,1.6695988302012998,4.120817942992421
25.240000000000002,14.481257245238039,1.6261371799581197,4.137927334789624
25.28,14.469742124077154,1.5819322629087493,4.155012778069752
25.32,14.459048296915048,1.536908152378926,4.172065326433373
25.36,14.44909071064036,1.4910485376168705,4.189077703129057
25.400000000000002,14.439786885149436,1.4443502698002413,4.206041754789917
25.44,14.43105071779286,1.3968420705078946,4.2229521215599295
25.48,14.422803524632064,1.348564346135069,4.239803852864254
25.52,14.414961549783538,1.2995816721382112,4.256594733138418
25.560000000000002,14.407451983875402,1.2499674865665396,4.273322405148604
25.6,14.400208172149597,1.1998067243507398,4.289983949592866
25.64,14.393175050175062,1.149189158063296,4.306578050758909
25.68,14.386296801040592,1.0983727728198265,4.323106311931253
25.72,14.379515797284553,1.0478143726987494,4.339568077249893
25.76,14.372775686860061,0.9978605200873059,4.355955805300077
25.8,14.366028906400434,0.9488164782530977,4.37225356329535
25.84,14.359242463426385,0.9009002633965507,4.388444259705152
25.88,14.352394903547003,0.8542945447389663,4.404507647473444
25.92,14.345475091409353,0.8091213169641754,4.420428642145464
25.96,14.338477377026441,0.7654663179615752,4.436148251427706
26.0,14.331405839817789,0.7231007105760807,4.451654099299737
26.04,14.324283068088382,0.6814423540401762,4.466976450568941
26.080000000000002,14.317128714242495,0.6400407717326033,4.482126514163094
26.12,14.309963907489944,0.5984943148778331,4.497099982826175
26.16,14.302816258745613,0.5565137533669707,4.51189064450681
26.2,14.295718152305842,0.5138484222761207,4.526487667422988
26.240000000000002,14.288694766243578,0.47032649894952894,4.540882635824282
26.28,14.281773959855135,0.4258146973105506,4.555067015935357
26.32,14.274990948469402,0.38025503791807636,4.56903633799869
26.36,14.268379050869102,0.33362162832812775,4.582788092764889
26.400000000000002,14.261970854333134,0.2859312136438599,4.59632307361463
26.44,14.2557953063582,0.23722331911627859,4.60964451921178
26.48,14.24987524439106,0.1875770202507077,4.622758361337127
26.52,14.244226247561178,0.1370893089127372,4.635671055819425
26.560000000000002,14.238855281732539,0.0858710792556295,4.648389982170494
26.6,14.233749018191794,0.03404287215976575,4.660923054703848
26.64,14.22889041030281,-0.0182645183077687,4.673278258224071
26.68,14.224263998514498,-0.07092844590434813,4.68556809253537
26.72,14.2196185770427,-0.12376383771079887,4.697855192054981
26.76,14.214415486654687,-0.17652469080788852,4.710121625606707
26.8,14.208262063042573,-0.22900746200056574,4.722344922746242
26.84,14.20082187657727,-0.28102968970910885,4.734491484663974
26.88,14.191878617298315,-0.33244482610549464,4.746531906190599
26.92,14.181263329706026,-0.383127942628261,4.7584374485415655
26.96,14.168895624543824,-0.43298625283415926,4.770187556839999
27.0,14.15472944968623,-0.48194616142060037,4.781764377900486
27.04,14.138788236131798,-0.5299589066942325,4.79316146485836
27.080000000000002,14.12111046936241,-0.5770035496632415,4.804375308321383
27.12,14.10177005706097,-0.6230792997951432,4.815408420559622
27.16,14.080855659859738,-0.6682103698721197,4.826268249615292
27.2,14.058490823621522,-0.7124333250285708,4.836964367419021
27.240000000000002,14.034805082595375,-0.7557881065939601,4.847506394114998
27.28,14.009766110025152,-0.7976786921365084,4.857841340729059
27.32,13.983129926788328,-0.8367457038391813,4.867749315487301
27.36,13.954786275959883,-0.8720688335514964,4.877042136555987
27.400000000000002,13.924665530969682,-0.9028863485578806,4.885499242315141
27.44,13.892774325557614,-0.9287457124862082,4.892981935019203
27.48,13.859143097137483,-0.9493100153518156,4.899369537756742
27.52,13.823857788590763,-0.9644567688844654,4.904623364057733
27.560000000000002,13.787017952045499,-0.9741464130279753,4.908735822434799
27.6,13.748749553548524,-0.9784938430353902,4.911757604663329
27.64,13.70918473644772,-0.9776731983557804,4.913761285355536
27.68,13.668472578127318,-0.9719675770068523,4.914854127392154
27.72,13.62674984426907,-0.961697610913134,4.915150168082329
27.76,13.584156694108215,-0.9472465106693342,4.914773844551335
27.8,13.540825081943469,-0.9290120522864157,4.913842961947097
27.84,13.496890245751768,-0.9074262985468822,4.91247386849575
27.88,13.452488138115863,-0.8829224024144587,4.910772040308184
27.92,13.407755025816662,-0.8559439605981982,4.9088301832472885
27.96,13.362814717269442,-0.8269062834967719,4.906724238863337
28.0,13.317772226007474,-0.7962077150136695,4.9045176990923585
28.04,13.272713484776615,-0.7642136797174417,4.902260096356751
28.080000000000002,13.22770435753142,-0.7312538787885369,4.8999886730976066
28.12,13.182791129862437,-0.6976072157770674,4.897732698907789
28.16,13.138011254180212,-0.6635145395447825,4.895514828352808
28.2,13.093384465514582,-0.6291742505158696,4.893325041583033
28.240000000000002,13.048946417753848,-0.594471677087577,4.891154502289321
28.28,13.004758997905792,-0.5589104371944729,4.888990588361345
28.32,12.960861098204292,-0.5221428604201258,4.886822283830579
28.36,12.91727739478924,-0.48385197108733646,4.884630594300053
28.400000000000002,12.874022975415333,-0.4438339180012967,4.8824061015998845
28.44,12.83110513931502,-0.4019117804054443,4.880137109559402
28.48,12.788517601599901,-0.3579900378233677,4.8778211494367385
28.52,12.746247062312078,-0.3119928277324907,4.875457492487216
28.560000000000002,12.704271830540922,-0.26390200662903585,4.873053403446086
28.6,12.662568062936172,-0.21371855308546653,4.870618451651853
28.64,12.621105613850954,-0.1614764779739353,4.868167665000013
28.68,12.579846971307676,-0.10721961403590033,4.865716380385753
28.72,12.538750552610205,-0.05101348755664629,4.863280682922629
28.76,12.497777854256883,0.007061099244769542,4.8608778514504625
28.8,12.456901001697325,0.06690658566243637,4.858567393652341
28.84,12.415993216096378,0.1280109530434958,4.856429643679482
28.88,12.374819020384521,0.18934936672815417,4.854520816339356
28.92,12.333217109863092,0.2501642205519203,4.852852190930185
28.96,12.291055063196751,0.3097811195675902,4.851393341547845
29.0,12.248254524511148,0.36773074639240727,4.850111973907842
29.04,12.204767504338083,0.4236191335380011,4.848963958868331
29.080000000000002,12.160582117932753,0.4772053518580787,4.847920447540988
29.12,12.115698742915685,0.5283126181340019,4.846956645572405
29.16,12.070146862320406,0.5768878575024184,4.846065810180075
29.2,12.023973081237648,0.6229293786307311,4.845248029817082
29.240000000000002,11.977242425907871,0.6665157214262141,4.844515682922415
29.28,11.929954273509836,0.7073262042296007,4.843814882949054
29.32,11.882032304344063,0.744560182910866,4.842981378450057
29.36,11.833460075155505,0.7777153045419397,4.841897757928157
29.400000000000002,11.78423791413149,0.8064115394307481,4.840457432427403
29.44,11.73440252236746,0.8304772923191025,4.838609068140096
29.48,11.684005623559827,0.8498222473755255,4.836322592610625
29.52,11.633128293663301,0.8645082249026212,4.8336148287853
29.560000000000002,11.581860926526687,0.8746622011001177,4.830523182153874
29.6,11.53030007600226,0.8805185517966544,4.827115482484582
29.64,11.478533608617528,0.8823569478777248,4.823465862670967
29.68,11.42664706267141,0.8805154675274709,4.819656933394198
29.72,11.374716559309853,0.8753435094309011,4.815768861661875
29.76,11.322819719716186,0.8672149522649121,4.811876934386048
29.8,11.271029103237042,0.8565010821075598,4.808047124238859
29.84,11.219417641752461,0.8435709443226838,4.8043366841114565
29.88,11.168056057709586,0.8287642824922976,4.800791066222561
29.92,11.117011268833513,0.8124013358367365,4.797447932900334
29.96,11.066348989019664,0.7947700355853997,4.794336158838347
30.0,11.016126992887411,0.7761405971376781,4.791476708268046
30.04,10.966394726904598,0.7567506053739929,4.788884569757483
30.080000000000002,10.917189037551152,0.7368078012090387,4.786523392647063
30.12,10.868549418343637,0.716216619659502,4.784362952759402
30.16,10.820526344116313,0.6945017088846859,4.782374591898326
30.2,10.773141580784335,0.6713252719540203,4.780533746531608
30.240000000000002,10.726397789488965,0.6463806239939963,4.778809062661771
30.28,10.680281173302893,0.6194733221662707,4.777179381296264
30.32,10.634772907094176,0.590432954466311,4.775622228502174
30.36,10.58984485527232,0.5591666400277586,4.774127483573911
30.400000000000002,10.545462835173732,0.5255980246209055,4.772685991373388
30.44,10.501585827895912,0.4897063927331126,4.77129734579084
30.48,10.458169408412498,0.4514927438532307,4.769964481135279
30.52,10.41516713766316,0.41099323393603626,4.768693223776489
30.560000000000002,10.372536731748122,0.3682527163699723,4.767490482854882
30.6,10.330249607675084,0.32335282794830283,4.766369056138268
30.64,10.28829436534169,0.27638870394993675,4.76534218107561
30.68,10.246661793114443,0.22746493887981514,4.764424303009635
30.72,10.205350210153618,0.1766921347601848,4.763630417527612
30.76,10.164368150374337,0.1242050290450131,4.76297585211978
30.8,10.123729146043495,0.0701446646637965,4.762474151820961
30.84,10.0834470623469,0.014657732820119087,4.762140227863939
30.88,10.043540899485075,-0.04211546300618747,4.761987413713125
30.92,10.004035098305192,-0.10003677208172233,4.762078204557424
30.96,9.964872289178642,-0.15859938591569023,4.762472610921827
31.0,9.925897241235504,-0.21684207855468293,4.763185041383291
31.04,9.887003576902156,-0.2740634043319112,4.7641995921986
31.080000000000002,9.8481027952875,-0.32964976103916155,4.76546594160859
31.12,9.809151118757429,-0.38317731818792905,4.766936155648727
31.16,9.769975592215877,-0.4339449131883673,4.7684947435829
31.2,9.73026566644081,-0.480976916287029,4.769931711878591
31.240000000000002,9.6898037891871,-0.5236030163071473,4.771063945197378
31.28,9.648407107633497,-0.5613441200548787,4.771728781321241
31.32,9.605967187314606,-0.5939361062843043,4.771825749915925
31.36,9.562409720019515,-0.6212523901825542,4.771296492535012
31.400000000000002,9.517714621550438,-0.6433199756707724,4.770137278010177
31.44,9.471899602027118,-0.6602672039055988,4.768381785611782
31.48,9.425023987484224,-0.6723346310875083,4.7661053227524555
31.52,9.377168585527226,-0.6798363793107055,4.763403533663558
31.560000000000002,9.32843123297382,-0.6831545830395911,4.760383437043871
31.6,9.278916797456075,-0.6826970052617581,4.757150287769413
31.64,9.228751147521676,-0.6788954242108445,4.75380545632707
31.68,9.178069370704291,-0.6721910704869537,4.750440202229883
31.720000000000002,9.127017552178657,-0.6630237967959618,4.747133427736011
31.76,9.075745278015283,-0.6518023085683176,4.743947678477904
31.8,9.024403013047245,-0.6389129499288234,4.740932330900106
31.84,8.973132049479627,-0.6247097014814774,4.738124418670691
31.88,8.922056805340294,-0.6095191197566143,4.735501502931523
31.92,8.871297719709498,-0.5933485780864645,4.733037622740147
31.96,8.820968195864495,-0.5758282815608502,4.7307052489459345
32.0,8.771161409517674,-0.5567220739106226,4.728486663257217
32.04,8.721951666247142,-0.535824563340002,4.726361856480111
32.08,8.673395390697834,-0.513035494376692,4.724320782406662
32.12,8.625535788092341,-0.4882732016003065,4.722355629919167
32.160000000000004,8.578401546820182,-0.4615100908094436,4.720466012652242
32.2,8.53200508418994,-0.432735205635597,4.718652752637022
32.24,8.486346695891678,-0.40198637140679006,4.716923321958532
32.28,8.441418877019666,-0.3693087932137295,4.7152866895352235
32.32,8.397203227114876,-0.3347678192875611,4.713754814514735
32.36,8.353667714765432,-0.2984169085344285,4.71233982323859
32.4,8.310772442952576,-0.26033491511455925,4.711055166833298
32.44,8.268474960673275,-0.22060962927569422,4.709913405278235
32.480000000000004,8.226730792759517,-0.179343813679809,4.708927143319842
32.52,8.185498590883471,-0.13664573363110963,4.708109786928608
32.56,8.144732792784865,-0.09262340084912386,4.707474343052056
32.6,8.104371948899114,-0.04737486877243638,4.7070334241407155
32.64,8.064354896925911,-0.0009954761920210064,4.70679718728499
32.68,8.024637795904669,0.046420403870673255,4.706774184880229
32.72,7.9851854920189,0.09477633770028128,4.7070260563986634
32.76,7.945895259718678,0.143618197503701,4.707606963272464
32.8,7.906592366481167,0.19204471804115683,4.708518635792975
32.84,7.867151940209002,0.2394108800066161,4.709738632201458
32.88,7.827469055228084,0.2851579480145819,4.711215868564877
32.92,7.787496394139978,0.3289701084138376,4.71257915698001
32.96,7.747108415157677,0.37032843137847393,4.713560000613274
33.0,7.70608990084762,0.40850507456721175,4.714038605937806
33.04,7.664302588199703,0.4430036982680982,4.713919670376181
33.08,7.621652184676396,0.4734883139441207,4.713133366363231
33.12,7.5780874625331975,0.4997985648710661,4.711651634772275
33.160000000000004,7.533572057415003,0.5218834587197274,4.7094736301067135
33.2,7.48809979220134,0.5398161829387934,4.706634397337213
33.24,7.4416976648889595,0.5537454748314989,4.703189095604039
33.28,7.394424133975025,0.5638985896984464,4.699211870982624
33.32,7.346354673452428,0.5705476700882215,4.694787388467569
33.36,7.297582779422861,0.5740111419647269,4.690005403140306
33.4,7.248209072867386,0.5746198470329736,4.6849507577290765
33.44,7.198359496107438,0.5727219160639193,4.679704523405364
33.480000000000004,7.148160579647957,0.5686645772813165,4.67433817349581
33.52,7.0977376217118175,0.5627936731309637,4.668913526159425
33.56,7.047214033769535,0.5554375578972603,4.6634829290966175
33.6,6.996708827402836,0.5469130831552981,4.658088557190108
33.64,6.946328065815645,0.5375098847804534,4.652765988124426
33.68,6.896179317246779,0.527489937396396,4.647542258048179
33.72,6.84635960013607,0.5170679724152902,4.642416661628032
33.76,6.796953361459649,0.5061597705624055,4.637384971048578
33.8,6.74804331837712,0.49432350712903217,4.632433869527073
33.84,6.699710941522494,0.4812653125423187,4.62755351490076
33.88,6.652029361590755,0.46670454115801263,4.622725821566688
33.92,6.605052590506126,0.45046219602445015,4.617940969068755
33.96,6.558817489009749,0.4323820442891485,4.613188178484356
34.0,6.513342320620777,0.4123780754565197,4.608464277485398
34.04,6.4686344744534345,0.3903753199512068,4.603767940763232
34.08,6.424693672376273,0.3663485407468495,4.599103632383799
34.12,6.381506201296912,0.34028620347843164,4.594477181346848
34.160000000000004,6.339047228029771,0.31221756275427986,4.589900313087835
34.2,6.297291986704852,0.2821891564473593,4.585386135131128
34.24,6.256211160858574,0.2502745190594838,4.580948366541559
34.28,6.215769522555308,0.21653888179073863,4.576598911678405
34.32,6.1759264546818295,0.18106135588129982,4.572352010522073
34.36,6.136638751823108,0.14392217312325775,4.568222447831503
34.4,6.097864076490625,0.10520520042786657,4.5642241163351365
34.44,6.059557058513771,0.06499252119492781,4.560370180461952
34.480000000000004,6.021674440940363,0.023378407836961438,4.556672939229865
34.52,5.984187128294031,-0.019547968998832495,4.553143297736434
34.56,5.947024150021109,-0.06342028472011342,4.546621860354055
34.6,5.910136875856885,-0.10809326598455973,4.535382427879233
34.64,5.87351466201141,-0.15370716980719917,4.519686093878766
34.68,5.837153073302362,-0.2003443837287738,4.499790112314796
34.72,5.8010480750798825,-0.24806634148295484,4.47594703354398
34.76,5.765195013644898,-0.29689726355745744,4.448407861451703
34.800000000000004,5.729599504783634,-0.3468445844853932,4.41741703054981
34.84,5.694266583468882,-0.3978898834402281,4.383215780582896
34.88,5.659204427553409,-0.4500092935621416,4.346038983078178
34.92,5.624434623814577,-0.5031577660527199,4.306117004793145
34.96,5.589973660684247,-0.5572798585558774,4.2636731093123155
35.0,5.555833394173286,-0.6123122438601413,4.218923929021461
35.04,5.522026052303508,-0.6681932744157428,4.17207706960153
35.08,5.488566028813244,-0.7248556601018932,4.1233326002459565
35.12,5.455461818419413,-0.7822240805790222,4.072881868415169
35.160000000000004,5.42272195794907,-0.8402202825307226,4.0209074341585245
35.2,5.390345820854625,-0.8987626211144252,3.967584935137435
35.24,5.358331234592165,-0.9577727726064016,3.913081341500907
35.28,5.3266823558717356,-1.0171811067879137,3.8575553329488557
35.32,5.295409345929981,-1.0769173367185656,3.8011587861097866
35.36,5.264528217108352,-1.1369170777544666,3.7440360722627806
35.4,5.234060012093756,-1.1971317522990141,3.6863245090216985
35.44,5.204027368271587,-1.2575233868724056,3.6281519850604655
35.480000000000004,5.174447369372919,-1.3180659491924942,3.569638593455823
35.52,5.1453391239830575,-1.3787391705720227,3.5108967194344345
35.56,5.11672311758788,-1.4395260388628042,3.452032028793664
35.6,5.088612841124353,-1.500409656450865,3.393145255671859
35.64,5.0610242727703785,-1.5613744608770521,3.3343309509532117
35.68,5.033971721329356,-1.6224108890254707,3.275678943214901
35.72,5.007464973629338,-1.6834985663641209,3.2172733103733213
35.76,4.981502503724015,-1.7446126199098524,3.1591923077091955
35.800000000000004,4.956073923535564,-1.8057334548623174,3.1015099881575545
35.84,4.93116468890969,-1.8668400671320036,3.0442934797968872
35.88,4.90676925828974,-1.9279140602954676,2.98760493265612
35.92,4.8828848300878755,-1.9889350616995436,2.9315025964427166
35.96,4.859499807537761,-2.049865425703689,2.876039083335701
36.0,4.836604000490731,-2.110653235483851,2.8212638885193995
36.04,4.814186373137565,-2.1712467001114857,2.7672216754576855
36.08,4.792230048835785,-2.2315917396982474,2.713951332408588
36.12,4.77071616159496,-2.2916361938261733,2.661490046884966
36.160000000000004,4.74961765091924,-2.351323966016508,2.609871711843416
36.2,4.728904929354267,-2.410596916753711,2.559126535121517
36.24,4.708548907928764,-2.4694061550277593,2.50927927255569
36.28,4.6885229268848185,-2.527709053175924,2.46035058349517
36.32,4.668800136617,-2.5854634965464607,2.412358361626155
36.36,4.649357165870158,-2.6426354819035796,2.3653192403548116
36.4,4.630168869475543,-2.6992055771309493,2.3192453431545865
36.44,4.611213477068888,-2.755157731974977,2.274145176885989
36.480000000000004,4.59247752977034,-2.810480278190124,2.230025380099621
36.52,4.573946476794146,-2.8651653447887173,2.186890390957989
36.56,4.555603334725045,-2.919191218845492,2.144743666085487
36.6,4.537424838862213,-2.9725390429548155,2.103585610509769
36.64,4.519383476567781,-3.025195033028711,2.063414474692615
36.68,4.501453605596401,-3.0771487011591767,2.024226158624294
36.72,4.4836060672015,-3.1283943676559667,1.9860124157497034
36.76,4.465821479089375,-3.178913726724575,1.9487644323693027
36.800000000000004,4.448081133752617,-3.2286887685023795,1.9124993245818585
36.84,4.430050354374477,-3.2777484106008945,1.8772144365175314
36.88,4.411002296573641,-3.326175987604464,1.842861782346301
36.92,4.390429139209903,-3.3740233368423214,1.8093914110141838
36.96,4.367903567333714,-3.421332921133836,1.776740880334684
37.0,4.3431729592244555,-3.468119933923743,1.7448634723744683
37.04,4.316048115554664,-3.5143888160631405,1.7137156477131166
37.08,4.286330482590674,-3.5601251265633556,1.6840878903269798
37.12,4.253507185989039,-3.6050319720716906,1.6563221879863168
37.160000000000004,4.216730758072887,-3.648470644564802,1.6301129563685797
37.2,4.175485578052101,-3.689997652754665,1.6052119925322832
37.24,4.129418925485839,-3.729233422224335,1.5813867210249266
37.28,4.078411575809793,-3.765944399136021,1.5584866844396685
37.32,4.022466890945552,-3.7999393990709716,1.5363978307049824
37.36,3.961750574069575,-3.831136565810813,1.5150768575591442
37.4,3.896590979815162,-3.859545097343173,1.4942321347476493
37.44,3.8275683955807756,-3.884591551142642,1.4736623404556117
37.480000000000004,3.7555034412999,-3.9049550564474873,1.4531721362745325
37.52,3.6811438557394682,-3.9198134407449454,1.4326133494331434
37.56,3.6052108401020164,-3.9285347264556254,1.411802172414256
37.6,3.528347157470947,-3.930833486354126,1.3906489232744734
37.64,3.4511516409498086,-3.92655338170871,1.3690798705911031
37.68,3.374135992644938,-3.9157725561542116,1.3471024305898494
37.72,3.2977458291084383,-3.8986535878205197,1.324745226700317
37.76,3.2223488234390665,-3.8755239384586306,1.3020923135182791
37.800000000000004,3.1482551322854375,-3.846760775076371,1.2792394445242115
37.84,3.0756948392534715,-3.812838148513783,1.2563073849510114
37.88,3.004834986893474,-3.7742496915797377,1.2334159611949014
37.92,2.9357743247704615,-3.73154193515607,1.210691082227681
37.96,2.868549070744587,-3.685263141395055,1.1882489493570092
38.0,2.8031347350892193,-3.6359811062801124,1.166197263322353
38.04,2.73945973001699,-3.5842285303195878,1.1446259157275902
38.08,2.677409100266907,-3.530523125714047,1.1236086373577863
38.12,2.6168267358336244,-3.47534114918661,1.103202547902571
38.160000000000004,2.5575277585636136,-3.419125632002401,1.0834493972405264
38.2,2.499303866746796,-3.362264477249599,1.06437640435364
38.24,2.441935361728203,-3.3050997852344954,1.0460003061514
38.28,2.3851974808391234,-3.2479165163853647,1.028328578001047
38.32,2.3288692203163994,-3.190955077801189,1.0113608115742043
38.36,2.272736001660019,-3.134402671001504,0.9950910705686035
38.4,2.216594586624466,-3.0784030997050404,0.9795082660574087
38.44,2.160260585483503,-3.023042343747712,0.9646015897963642
38.480000000000004,2.103568231391321,-2.9683463283045532,0.9503620366344656
38.52,2.0463745784502625,-2.914290792469824,0.9367802917825103
38.56,1.9885650809734603,-2.860819163802386,0.9238465345048815
38.6,1.9300580003830916,-2.8078407154623726,0.9115530803542712
38.64,1.870798716397466,-2.755234276641328,0.8998930022691315
38.68,1.8107608998801297,-2.7028567853537395,0.8888587772085695
38.72,1.749949078406717,-2.6505629758341946,0.8784434169393447
38.76,1.6883894346820887,-2.598212206697911,0.8686401796489753
38.800000000000004,1.6261306623440024,-2.5456749053074166,0.8594432371490902
38.84,1.5632378964566847,-2.492815509060558,0.8508454954339203
38.88,1.4997957024839532,-2.4394941688913057,0.8428379486375067
38.92,1.4359062942776113,-2.3855770125729103,0.8354111371555245
38.96,1.3716874627004194,-2.3309471037400193,0.8285554135976366
39.0,1.3072574948360696,-2.275507540863176,0.8222592739029497
39.04,1.242736479067705,-2.219179297094827,0.8165117426425554
39.08,1.1782503167495482,-2.161900071863735,0.8113012096616762
39.12,1.1139240501444916,-2.103634747311428,0.8066179732358777
39.160000000000004,1.0498837810563613,-2.044365938164393,0.802451586850637
39.2,0.9862568340086446,-1.9841016065455073,0.7987900428746442
39.24,0.9231767578373874,-1.9228748639001683,0.7956216952390458
39.28,0.8607794290114387,-1.8607399476304862,0.7929355685130932
39.32,0.7991916869107213,-1.7977605050196706,0.7907211633268268
39.36,0.7385280352462882,-1.7340191118421584,0.7889685562351998
39.4,0.6788858963588272,-1.6696142329426167,0.7876681485245872
39.44,0.6198568579827302,-1.605152051778693,0.7772997230414515
39.480000000000004,0.5611799178639832,-1.5409787691009191,0.7522110798802856
39.52,0.5028646748614554,-1.4771076040457858,0.7124822736642269
39.56,0.44492539041358575,-1.41355685259518,0.6582004491866092
39.6,0.3873800356535083,-1.3503488635939567,0.5894624985936424
39.64,0.33024934513765086,-1.2875090155728868,0.5063768162218246
